label,title
0,DS Book Suggestions/Recommendations Megathread
0,Weekly 'Entering & Transitioning' Thread. Questions about getting started and/or progressing towards becoming a Data Scientist go here.
0,I love what I do :))) I love data science
0,[HIRING] Senior Data Scientist at Reddit
0,How do you interpret the coefficient of a tobit regression?
0,Pramp now allows you to practice data science interviews with other data scientists
0,Has anyone heard from Mckinsey Data Science?
0,How to consolidate a bunch of Jupyter notebooks??
0,A Little bit of Help/Advice
0,What is your preferred approach to parse tons of store receipt (txt) files?
0,Slack Channel for Daily Fantasy Sports and Data Science
0,"Predicting Inpatient Admissions Based on Prior Diagnosis, Demographics, Medical Charts, etc."
0,Any tutorials on reinforcement learning application with Python?
0,"So, I type stuff into excel, and I use condition formatting and stuff... what's next?"
0,Tutorial on how to load StackOverflow's data dump?
0,Looking for road condition data
0,I am trying to make an Image classifier using CNN which classifes image into 5 categories. But it is giving only one category for all images
0,Seeking Resume Critique
0,Take database design as Uni elective for a future big data scientist?
0,Problem with class width
0,Beginner Data Scientist Interview Tips
0,Does anyone else dislike the trend of take home 'case studies' for job interviews?
0,Z-Score Binning Transformation
0,Worfor - Curated list of jobs and internships in AI Industry.
0,Company uses different tech than what I know
0,Books or courses on data science applied to lead acquisition
0,Seen on Twitter. Don't know if I should laugh or cry.
0,Microsoft Releases Integration between Cognitive Services and Distributed Computing
0,The origins of the job title ‚Äúdata scientist‚Äù
0,Help me find love for SAP BO WEBI?
0,How should I download census data for this project?
0,Domain Expertise for Data Science?
0,Best place to find a freelance data scientist?
0,Is Data Robot moving a data scientists cheese
0,"Got some some-what disappointing words from my boss / mentor, looking for additional guidance"
0,"Given a time series of bounded data set, what statistical tool, model or technique should I use to forecast or detect a meaningful change in trend?"
0,Managing a chaotic non technical manager
0,"Jupyter notebook vs jupyter-lab vdf jupyterhub, what's the diff?"
0,Things About Real-World Data Science Not Discussed In MOOCs and Thought Pieces
0,Doing an interview with Ian Goodfellow. What questions should I ask?
0,Need to build an analytics pipeline for e-commerce startup. Help?!
0,Visiting: Categorical Features and Encoding in Decision Trees
0,Has Tableau improved things at your workplace?
0,Jupyter Lab compared to R Studio
0,"The first interactive map that allows you to get the agricultural insights from a global to a field view for Europe and the US. The data has been collected within 3 years and processed by machine learning algorithms. Using our technologies, we are able to give precise statistics and predictions."
0,"I have a HackerRank code pair video-conferencing session later this week, what should I expect?"
0,Novice looking for directions to solve a data analysis problem
0,regression with variables with different intervals/frequency
0,Concise Cheat Sheets for Machine Learning with Python (and Maths)
0,Internship at Google Brain (healthcare)
0,Project Help
0,Willing to exchange verbal English proficiency for Data Science mentorship/knowledge.
0,BigData Research Question Ideas with ML/AI?
0,Jobs while in college
0,Thorough how-to‚Äã guide on applying Logistic Regression on a dataset (Census Income DataSet)‚Äã.
0,Predictive Analytics
0,Should I tell the website I'm scraping data from that I'm scraping their data?
0,How do you sell Machine Learning?
0,object detection
0,"To get hired as a data scientist, don‚Äôt follow the herd."
0,How do free apps stack up to Tableau?
0,The IT part of data science is terrifying. How much IT knowledge do you have to have?
0,Feature Engineering: Building a feature of previous transactions from monthly transaction records?
0,Saving a tf.estimators.Estimator-model
0,Anomaly detection and visualization for multi dimensional data
0,Deploying PyTorch models
0,Pachyderm is hiring a Data Science Evangelist and I thought some of you might be interested
0,"Is there such thing as ""theoretical data science"" or ""data science theory""? Is it just statistics?"
0,Awesome survey datsets for your next project.
0,Need book recommendation
0,just have hr write up the job description it's fine
0,What is the complete work flow of any data science project?
0,Associate two entities through a third entity - No identifyer
0,Data Science Webinar: Recommender Systems - From Simple to Complex - November 15
0,How do people collaborate on a Data Science project/competition
0,Looking for learning strategies.
0,Which tool for this analysis? (small samples/interpretable)
0,How much for an internship remuneration?
0,What sort of questions do you answer in your data science role? What industry are you in?
0,"Python Package to Split folders with files (e.g. images) into training, validation and test (dataset) folders."
0,What is data science?
0,Difference between Data Manager and Data Scientist
0,Help with fake app store data analysis
0,What other data- related subs do you all subscribe to?
0,So I've been looking into data science recently and I have to say it fascinates me as a subject. But I don't think my major would be very relevant for getting into it (Information Systems). So what could I do during my last two semesters to perhaps get my foot in the door when I graduate?
0,Not all data science is ML
0,"If you've been wondering about the disappearance of data from our federal databases, here's an excerpt from Michael Lewis' The Fifth Risk which explains what is going on."
0,How easy it is to transition from survey statistics to data science?
0,What to do with missing data?
0,Giving back to community! Camelot - Tabular data extractor from PDFs. (Opensource)
0,Finding the best planting date automatically with a model?
0,Using python for data analytics at a hospital? HIPAA? Data containing patient info?
0,Looking for Recommended reading on Supply Chain Management Methods
0,Music analytics at Spotify with an emphasis on association type algorithms?
0,Brutally failed an interview today. What are your stories?
0,We're launching a 'Reddit' for Jupyter notebooks
0,I need some help about RankBoost
0,"[Newbie] To all the datascientists, how often you you code up a neural network from scratch yourself ?"
0,"How To Tag If An Address Is ""Fully Complete""?"
0,How to interpret your modelling result
0,Why You Should Play With Darts: Making a Case for Adding Monte Carlo Simulations to your Data Science Toolkit
0,Conferences for early 2019
0,HOW TO SELECT SIGNIFICANT VARIABLES IN A MODEL
0,using data science to analyze CSGO demos? has anyone done it?
0,Uber Data Science Technical Phone Interview
0,Best Python/Jupyter/PyCharm experience + report generation with Pandoc filters
0,The business model of being a data scientist
0,Does anyone know when to expect decision for McKinsey Data Science Intern test?
0,AWS vs GCS
0,The irony of this ad
0,The three kinds of data scientists
0,How does a Data Scientist leverage Social Media to link business customer data with social media follower/user data?
0,Do you recommend d3.js?
0,Has anyone jumped from Finance to data analytics here?
0,Any Data science representations for WSU vs. Oregon
0,For those who've done it: How to land a job at amazon/google/etc?
0,Approach to identify different characteristics of groups
0,Capacity modeling without a response variable
0,Need help with EV market analysis
0,Are there cloud servers that already have Jupyter Notebooks readily accessible?
0,ODSC West Ticket
0,Highlights of 16 interviews with 16 data scientists from Sebastian Gutierrez‚Äôs ‚ÄúData Scientists at Work‚Äù
0,"There is a test data generator outhere and has many types of realistic data. Also, it has specific pages for guid, random names, email addreses and password generators. Give it a try!"
0,Interview question
0,Is it important to use part-of-speech tagging in NLP and topic modeling?
0,[Baseball] Approximating amount of money lost to injury
0,Looking for Professional Data Scientists to Interview
0,Help Using Cosine / Jaccard Similarity for Comparing Dictionaries of Ratings
0,Websites dedicated to data science?
0,So You Want To Learn Python For Data Science !!!
0,Anyone here with experience using PyProm for process mining?
0,Productionalizing models in .net framework
0,"OLS Regression: Very large F-statistic, low p value?"
0,Need help understanding business value of classification
0,What stops R from being used in production?
0,Simple Linear Regression Output Interpretation
0,Web application for creating labeled datasets
0,xkcd: Modified Bayes' Theorem
0,Looking for responses to my facial aesthetics survey.
0,Data Science applications on Finance
0,Help needed for my Data Science interview
0,Resources on ML applied to Marketing and Real-time ad bidding
0,Notes and technical questions from interviewing as a Data Scientist in 2018
0,Help while designing my data warehouse
0,Anyone Else Thinking About Current Limitations of Financial Sentiment Analysis?
0,I'm currently working on an NLP project to build a model that can predict what direction someone leans politically based on a few samples of text. Wondering if anyone has some ideas that could lend to a more robust project/model. More details inside!
0,Ask for a job title change?
0,50 free high-quality datasets
0,Any DS interview tips for someone who‚Äôs terrible under pressure?
0,HealthyHomes: Predicting local air quality for healthy housing decisions
0,How to turn production data into a valuable consumer product? How can an Industrial IoT create trust between participants in the supply chain? And how can we protect data from its manipulation by manufacturer and data storage?
0,"The best data science books: interview with Roger Peng, founder of the Coursera Data Science specialization"
0,Is tensorflow framework similar to theano?
0,Walking Challenge - how can you identify cheaters?
0,TakenMind Internship experience?
0,How is DASCA (Data Science Council of America) certification recognition in the world?
0,Too many resources online. Need some help on a place to start.
0,What are some common (or uncommon) mistakes during data management that one should be mindful of?
0,Automatically Price Your Used iPhone
0,McKinsey Round1 Quanthub test Recap
0,Help. Comparing leads and visitors
0,"Polyaxon, Argo and Seldon for model training, package and deployment in Kubernetes"
0,CV vs Resume for data science positions
0,World recognized Data Science Certification
0,[book] Data Science and Predictive Analytics: Biomedical and Health Applications using R (also searchable from LibGen)
0,"Apprentice Data Analyst at a Multinational organisation, in terms of next steps for my career where do I stand ?"
0,Getting started with PySpark on GCP
0,Question on interpreting survey results (stratified sampling?)
0,Data Analyst Career
0,Remote/Telecommuting Internships
0,Using Image Classification for Automated Property Maintenance Advice
0,ELI5: What is better than ridge regression with Gaussian kernel?
0,Would published research papers let my bad grades slide when going for higher education?
0,GIS vs. Data Science
0,How to export data from Telegram
0,Selling Data... What Do You Guys Think?
0,Some help...
0,"As a Data Scientist with coding and analytics skills in your hands, how would you build knowledge about your crush like a pro?"
0,Are there any data science camps that offer free tuition for x% of our first annual salary?
0,Chance of American Youth Starting Smoking regression analysis project
0,Are there many data science jobs that allows work from home or remote work?
0,Should I stick with my job or pursue an internship at a well-known company while doing my master's?
0,Personality prediction with Python
0,Appropriate way to display data regarding GPU Usage?
0,Finding startups ‚Äî notes on work as a new data scientist in an early-stage VC fund
0,Need some direction with trying to cluster elements by lists of attributes for them
0,Should I drop the PhD?
0,What job can I get while still in undergrad to better prepare me for a career in DS?
0,I want to design Donor Clustering model but cant decide how to do it
0,"(Critical Thinking) Beneficial proposals changing a current product, standard, service, law, or procedure in Data Science?"
0,Confusion about Scipy's stats.norm.interval for calculating confidence interval?
0,Employability of Applied Math degree: concentration in Computational Math vs. Statistics?
0,What to do with outliers in a time series?
0,The Most in Demand Skills for Data Scientists: What are employers looking for?
0,DS interview help!
0,Peeling back the curtain. The Economist is publishing the data behind their reporting
0,Video Game Play-style and How it Relates to Personality Types. The requirements are in the form.
0,Preparation for the interview - Data analysis
0,Data Science 101 for Stake Holders (non-technical people)
0,Need help with the Software developer challenge for McKinsey.
0,Do you find your work to be meaningful?
0,What kind of industry job can I get with interest in text analysis?
0,Query - Best machine available
0,Understanding Tensorflow with MNIST ‚Äì Dorian Brown ‚Äì Finding signal and escaping the noise
0,SelectStarSQL: An Interactive Book for Learning SQL
0,"Dataset available of 3,019 Billboard music chart entries with lyrics for 2,840 of them"
0,How do you store data long term on the cloud and run data science workflows also on the cloud?
0,Resources for A/B Testing in R
0,Business Process Visualization in Python/Tableau/Excel
0,"Fire detection, inferring age from eye movement, and other - Highlights from IEEE International Conference on Image Processing 2018"
0,What do you like about graphs?
0,Math knowledge?
0,"Assessing regression accuracy, interpretable alternative to RMSE?"
0,What's the best way to privately share my portfolio project code with potential employers?
0,[Academic] Public Knowledge and Perceptions of Monoclonal Antibodies Survey [18+]
0,Recommendations for more advanced online excel data analysis/modelling courses
0,Need help with the Quanthub data science challenge for McKinsey.
0,Anyone have (or know someone with) experience as a Data Scientist with Booz Allen?
0,Dealing with a Multi-Class Classification problem
0,Using Facebook Adds Data to Create Smart Audiences
0,RStudio 1.2 Preview: Reticulated Python
0,"Am I overthinking a simple problem? Should we proceed with A, B, C, or D?"
0,Dataset for Rat Fetus (ultrasound)?
0,Classification algorithm to predict next purchase?
0,What's a more scalable solution than Excel for building predictive models?
0,R Studio in browser has crashed
0,How much math do you REALLY need for data science?
0,GPU-Accelerated Data Analytics with NVIDIA RAPIDS
0,Request - Best MongoDB Service for Scale
0,What is the best way to find dependence in data?
0,Is it correct to use weight of coefficients for business decision making?
0,Is Word2vec memory and time consuming?
0,Future of the Financial sector in the age of cloud ‚Äî Google Next Panel Discussion
0,"Study Group for Goodfellow's Book ""Deep Learning"""
0,Applying ML to existing rule based processes
0,Criticism of my First SOP For Grad School - Masters of Data Science
0,Why is Wells Fargo hiring so many Data Scientists?
0,Looking for recommendations of Kafka architectures for Machine Learning Practitioners
0,WhatsMyFunction - Help an AI model learn about readability by reverse engineering Python snippets
0,Mckinsey data science technical evaluation
0,Race Car Data Analytics
0,What does the dream recruitment process look like to you?
0,What's the best way to gain enough expertise to win kaggle competitions?
0,Will data science become automated?
0,Best Practices for Data Science Hackathons?
0,Salaries in Data Science
0,Implementing real-time machine learning models
0,A simple Python workflow for time series simulations
0,Co occurance matrix
0,"""Data Visualization: A practical introduction"" - Free draft of a forthcoming textbook on the subject of Data Viz by Kieran Healy. A great read outlining best practices with examples in R."
0,Hipster Activity in the US Quantified!
0,What data-set/project would you recommend for my first data science project?
0,Data science on Android platform
0,Help on building a Complement and Substitute matrix with Transaction data
0,Should I stay at this data analysis job?
0,Resources For Data Scientiest Interested In VC Firms
0,Subject with a strong link between statistics/probability and data science
0,Question: Looking for Resources on Price Optimization Decision Making
0,How to efficiently deal with categorical variables?
0,Feeling a little stuck
0,Using data science for large excel spreadsheets
0,Confidence interval for daily active users (DAU) metric
0,Data Science at MBB
0,Can some data engineers take a look at my GitHub and give me some feedback on couple of simple self projects I did?
0,What are common questions you have?
0,Weekly 'Entering & Transitioning' Thread. Questions about getting started and/or progressing towards becoming a Data Scientist go here.
0,"Visualizing topic and emotion of 10,000 Clemson Football tweets in 3D"
0,How many rows of data can R handle?
0,Tweaking Random Forest regression in R
0,The Data Journey: From Data to Knowledge to Intelligence
0,Andrew Ngs ML course
0,Linear Regression Scatter Plot from .csv in Python
0,Is facts table in dimensional model is actually a table of events?
0,Tips on scaling deployments of very large pre-trained models
0,Classification Model with a Temporal Component
0,Announcing MCHT: An R Package for Bootstrap and Monte Carlo Hypothesis Testing
0,Data Engineering / Product BI Division
0,"Learn about Data Scientists from the Big Companies (Microsoft, LinkedIn, Apple, etc..)"
0,Data Science Interview Questions and Answers
0,Help with Data standardization/verification
0,Data Ethics
0,Predict function in R
0,"Forget language preferences and interview tips...what are the videos, articles or tutorials you love that everyone should know about?"
0,Advice for Onsite Interview/Take Home Challenge?
0,Selection Bias On Medical Population
0,Looking for a data science book
0,AI apocalypse
0,Help with a tough Data Science interview question
0,The Intro to Data Science course at UC Berkeley is so popular that it has to be taught in a hall.
0,Picking an adequate desktop for entry level work in R
0,"The title of ""Data scientist"" is now too vague"
0,Can data scientists have neck/hand tattoos at big tech companies?
0,What does 'Bad Code' look like in a Data Science context?
0,Why is HackerRank / Leetcode a Thing for Data Science?
0,Show reddit: we launched an unlimited data cleaning service
0,"Is it possible to collect information about the incoming flight statistics to an airport? Like for example Atlanta,Georgia. I am interested in the source locations and the frequency of flights arriving at Atlanta for the year 2017 and wish to do a basic analysis on this. Thanks in advance."
0,Working with large datasets using pandas. Can someone please ELI5 what is dask?
0,Apriori Algorithm Not working properly in Python
0,Fitting Polynomial Regressions in Python
0,Training models in Java - equivalent to Sklearn?
0,Reviews for datarobot
0,How to get fast at data science
0,Cleaning data - preparing for new exceptions
0,Effect of variable on output
0,How to think like a Data Scientist
0,Data and delivery network optimization for on-demand businesses
0,What is best open source analytics software
0,Lessons Learnt by Facebook Data Scientist Brandon Rohrer
0,How does the Insights in Google Analytics Intellilgence work?
0,Help needed in Clustering (Normalized Cut & Ratio Cut)
0,Experiences Using ClimaCell or Similar For Modeling?
0,What are some important Data Science conferences to follow ?
0,A stats problem
0,IS 2GB NVIDIA Graphic Card good enough for a laptop for data analytics?
0,"being new to data science, i wanted to know if there is a way to scale up any regression model or for that matter, any predictive model to predict the values of multiple tuples simultaneously? The data set i am working upon is from the MDG challenge."
0,Exiting a Consultant Data Scientist Role
0,Why do you love data science? Why are you passionate about this field?
0,Why do so many Data Science jobs require familiarity with C++/Java?
0,"Data Scientists, What would you buy?"
0,Creating a portfolio with published and unpublished data
0,Brazilian E-Commerce Public Dataset
0,"How do you come up with ideas for a new project, when you are inexperienced?"
0,Data set sources for upper torse body fat percentages for males
0,What is the type of chart called. Bar graph going both left and right
0,I kind of hate my job as a data scientist. Do you like your jobs? Any advice for me?
0,Strava KOM's over time - API access with Python
0,Is it possible to make a cancer killing nanochip using data science?
0,Data Science Internship Openings
0,Quarterly forecast
0,What should I charge for contracting work?
0,I wrote a script to analyze recent app store review sentiment and generate wordclouds from the results
0,"Interpretable, scalable, non-linear - can we have it all? An approach with K-Means (Blogpost)"
0,Job Titles
0,"I analyzed more than 40,000 YouTube trending videos with Python. Here are the results with the code"
0,Need Guidance to do a crunch task
0,Anaconda Distribution 5.3.0 Released! (compiled with Python 3.7)
0,Science Direct Website is Down
0,"Is it possible to be a part time data scientist working from home? If so, how would I go about trying to secure such a position?"
0,"IBM repository for data science, big data and cloud courses (Free Courses, Free badges)"
0,KAGGLE PLASTICC TEAM MAKING
0,Data science Bootcamp Training In Bangalore
0,Comparison of the Most Useful Text Processing APIs
0,"Facebook Data Scientist, Analytics, Intern process?"
0,Domo - Beast Master: Extracting Data after Special Characters
0,‚ú®Neuron 1.0: An interactive data science extension for VS Code.
0,Setting up Redshift with PostgreSQL in a VPC
0,Is $50k/year a good salary for entry level data analyst position?
0,"We're building a data versioning tool, feedback wanted!"
0,AT&T Labs Graduate Student Symposium CFP
0,"My Tutorial Book on Anaconda, NumPy and Pandas Is Out: Hands-On Data Analysis with NumPy and Pandas"
0,Structure of a multilayered LSTM neural network?
0,Chromebook Data Science - a free online data science program for anyone with a web browser. ¬∑ Simply Statistics
0,Weekly 'Entering & Transitioning' Thread. Questions about getting started and/or progressing towards becoming a Data Scientist go here.
0,"Healthcare: Aside from CMS, where do you guys get provider data / accepted insurances?"
0,Hackathon this week
0,Question about starting a side gig as a data scientist.
0,Learning Time Series Analysis
0,Does anyone have an example of the structure of a data analysis report produced for a business context?
0,How to Use an LSTM for Timeseries and the Cold-start Problem
0,Data governance course
0,How do you guys maintain your knowledge base?
0,Setting up a server for computation and Tableau?
0,Is datascience a career worth investing?
0,Looking to increase customers adopting services by a minimal % next year. How would you tackle this problem?
0,Does anyone here contribute to open source projects?
0,[USEFUL] Collection of good Cheatsheets
0,Started a datascience bootcamp.Need Advice !
0,Why are there so many more Java based jobs rather than python/r?
0,"Is coursera a solid, reputable way to learn R programming?"
0,"What are the best real-time business intelligence, data visualization, dashboard reporting tools?"
0,Want to learn commands of linux command line for data science/data engineering jobs
0,Remain data analyst vs pursue ML engineer? Parents' advice appreciated!
0,Transit Time for Logistics
0,What is the best simple web-based reporting tool for mysql?
0,In-experienced (motivation needed)
0,"Hello fellow Redditors, Please give me a ""real world"" problem that i can solve in Data Science."
0,Problem with using predict() on a new data set in R
0,Question about what happens after building a model re: company profit
0,[P] I'm building a data-crowdsourcing platform called Metro. Check it out and help build a sentence-translation open dataset!
0,Regression Modeling help
0,does anyone know what questions DataKind asks during their interviews with prospective volunteers for their projects?
0,Preprocessing skewed data with minimum value = 0
0,Looking for a data set
0,(Andrew Ng) Final few draft chapters of Machine Learning Yearning are out.
0,Is a data science certificate from edX or any similar online learning school sufficient enough for employment in data science? (link inside)
0,"Dataframe library for python, pandas alternative"
0,Question regarding linear modelling
0,IBM vs Deloitte
0,What other technical skills should I get to complement my R programming in order to get a data analyst internship?
0,How long does it usually take you to complete a personal project?
0,Data Scraping from Websites
0,Realistic DS Salary in London after Maths Phd
0,Deep Learning project using Bootstrapped DQN
0,Jobs for a self-taught data analyst or ML with bachelor's degrees in economics?
0,Question Regarding R.. Please help
0,Any dendrogram cutting packages in Python or R?
0,The best treatment of Linear Algebra I've ever seen.
0,GPU bottlenecks. RTX 2070 v GTX 1080?
0,Asking data analytics professional for advice regarding cleaning of large CSV
0,What do I study for a Statistics interview if I haven't taken a statistics course?
0,Im working on building maps. What are the various use cases data science can help?
0,Business optimization consultant
0,"Facebook Data Science, Analytics Internship Interview Advice"
0,SQL interview disaster
0,Tips for getting started in freelance data science?
0,Rough Data Transformation Scenario
0,What is the relationship between the softmax and Gibbs function?
0,Java in google colab
0,Python Cheat Sheet (data-centric)
0,Pain points of a data analyst
0,google is providing TPU's in Colaboratory.
0,MapD has rebranded to OmniSci
0,facebook university recruiter invited me to dinner with the other data science recruiters
0,How to simulate annotator behaviour?
0,Help with building graphs in R
0,Advice request: Viking king death dataset uses?
0,DS/ML Internship Interview Advice Seeking (for Amazon and Pinterest)
0,Python & Mac OS Mojave: any issues?
0,Do I need to learn algorithms and data structures apart from ML algorithms?
0,Intro to time series forecasting with FB's Prophet (forecasting candy production)
0,Tensorflow in Pyspark
0,What languages would complement R?
0,Contextual Awareness in ANN
0,Moving away from jupyter notebooks to Deployment'
0,Introduction to Apache Spark with Examples and Use Cases
0,Zen Koans and Life Lessons - a retrospective into my first year as a data scientist
0,Inhouse vs Consulting
0,Can we trust the intuition of AI? ‚Äì Sankalp Shangari ‚Äì Medium
0,Desktop vs cloud for deep learning?
0,Accenture Technology Analyst pivot
0,Data science consulting? From actuary to data scientist
0,Getting the most out of AWS
0,Digital Analyst trying to build its own profile.
0,Improving as a Data Scientist
0,Anyone use AWS to host a data science portfolio?
0,Working with website engineers to deploy data products
0,Is it legal and possible to scrape public posts of users on Facebook ?
0,Data Scientist CVs/Resumes
0,Textbook recommendation for ‚Äúnon-statistical‚Äù Machine Learning
0,How essential are machine learning skills/knowledge for data science?
0,Udacity Data Analyst
0,Openly licensed extensive Introduction to Supervised Learning with TensorFlow by Lukas Schmelzeisen (2018) including many code examples!
0,Help with C4.5 decision trees
0,What do you think about using javascript for data science?
0,"Facebook Data Scientist, Analytics Onsite Interview"
0,Identifying Eroding Customers
0,Opportunities in Canada
0,HPAT a (early version) compiler for numpy/pandas programs to high performance MPI binaries
0,What are some of the more impressive/memorable projects you've seen on a resume?
0,Anti-Money Laundering/Terrorist Financing
0,How to plot 2 dimensional time series trajectories in Matplotlib/MATLAB/R?
0,R to Python: Data wrangling with dplyr and pandas ¬∑ GitHub
0,Datacamp 50% off worth it?
0,[X-Posted From /r/businessintelligence] Seeking BI software recommendations
0,What's a good model for product quality image classification?
0,Couldn't afford GPUs as a student. Built my own cloud GPU provider: vectordash.com
0,What's the right statistical tool/method to find significant variables for an multi-group experiment?
0,"Whats Your Exploratory Data Analysis (EDA) SOP, Methods, Tips and Tricks?"
0,Wanting insights on other Data Science Markets
0,Question about NLP and lexicon
0,The Certified Data Science Courses to Thrive for
0,Weekly 'Entering & Transitioning' Thread. Questions about getting started and/or progressing towards becoming a Data Scientist go here.
0,Is automated feature engineering possible in my case?
0,Small question
0,Where to read other people's data science project?
0,Help needed with r script!
0,CPA Value in Data Science
0,States are using predictive algorithms to determine if children are safe. With their parents.
0,Tackling pollution with AI
0,Microsoft Azure Data Explorer announced today
0,Are the F.B.I.'s Probabilities About DNA Matches Crazy?
0,"Questions on Address Matching, Clustering, and Correction"
0,Text classification with a large amount (2k+) of classes?
0,Introducing NimTorch
0,Anyone using JupyterLab and use the text editor?
0,Resources for learning the different cloud analytic platforms?
0,"Recruiters and recruiting managers, I have few questions about a potential service"
0,HRDAG : A data science for good organisation worth looking into if you are interested
0,"Data Science | Python : How to add rows in a DataFrame (using dataframe.append() & loc[] , iloc[]"
0,Have you ever had to design an infographic as part of an interview?
0,My Interview with Kenneth Cukier on the rise of Big Data
0,Should I do a dissertation for my Masters program?
0,Help preparing for entry level data analyst jobs
0,Do academic publications help to land jobs in industry Data Science roles?
0,Programming Language R
0,Looking for a mentor in 'R'
0,Where to find some state-of-the-art time series data deep learning approaches?
0,"How do I get practical experience with big data technologies (Hadoop MapReduce, Apache Spark, Hive, Bigquery, etc)?"
0,Simple Python/Command Line image dataset labeling tool?
0,What is the best source/book to learn statistics/mathematics behind ARIMA/ARIMAX model?
0,Data Science Project
0,Setting up VS Code for data science.
0,Advice on ETL from API to a Database
0,"Course(s) recommendations for data collection, analysis, and visualization"
0,"""template"" like scripts for R and Python?"
0,Regression
0,Need help to get internship as data scientist for summer 2019. What recruitment member expects in grad student? Am I already late to build my profile?
0,How to clean up data with Python
0,A glimpse on DS programs
0,Anyone benchmarked RTX?
0,Data wrangler to data scientist?
0,AWS or pc? Or both? 4 student
0,DS Mentor (Moscow)
0,Appreciate Your Ideas for My Big Social Data Analytics project!
0,Hi! Question about Data Driven Models/ Time Series Models Research
0,Does anyone use Stan in their job?
0,From Humanities/Arts to Data Science?
0,What are some tricks to make sense of data through visualizations.
0,How to study the business side of a data science job?
0,Data Analysis of Dota2
0,Different ways to down sample data that are collected over seconds to a single unit?
0,You didn‚Äôt need deep learning to generate new molecules
0,4 weeks in to Data Science University..
0,Do Data Science have place in tool/website optimization
0,Questions CFAs of r/datascience
0,Anyone have some suggestions on Data Scientist blogs to follow that are focused in the environmental or outdoor recreation space?
0,What reporting tools in java will you recommend?
0,Help with extracting data
0,"Open access tutorial on how to plot beautiful and interpretable networks in R. Create comparisons between multiple networks, meaningfully interpret distances between nodes, etc."
0,Someone help an aspiring employee who's had an epiphany but lacks the implementation know-how
0,DOMO Alternative for data scientist?
0,XKCD: Curve-fitting methods and the message they send
0,Bitcoin Blockchain Analysis with Python in Spyder?
0,Tool for AB tests - VWO
0,Transitions from data scientist to a supervisor/business engament role sources
0,"If you were to choose a capstone project to impress employers today, what would your theme be ? (Anamoly? Classification?) What type of data would you use ?"
0,"How do you highlight proficiency with programming languages, reporting tools, etc on a resume?"
0,Entry-Level Data Analyst Technical Interview Questions
0,Hotel Budgeting
0,Make Python Pandas go fast
0,Which of those laptop suitable most for an Data Analyst?
0,Big Data Belfast 2018
0,Predicting customer churn - An e-commerce site dataset
0,I am hiring for a heavy data prep position (remote). What skills and knowledge should the person have?
0,Predicting house price: what to do with zip code?
0,To what degree is data science a solitary job?
0,How to run a Monte Carlo simulation on a pandas timeseries?
0,How should I structure a big data cleaning workflow?
0,Next Steps in my Career
0,Processing Sensor Data
0,Data Science at startups...anyone have any experience?
0,Anyone benchmarked RTX cards yet?
0,Graph Database Design and Implementation
0,What ongoing trainings would you recommend?
0,Grocery prices data?
0,Is Research Assistant work considered professional experience?
0,Deploying a machine learning model to the web ‚Äì Cambridge Spark
0,"""In God we trust; all others bring data."" - W. Edwards Deming"
0,Papers that Analyse Healthcare Datasets for Data Science MD thesis
0,Which DataCamp courses to focus on?
0,ThoughtSpot Reviews?
0,Where could I find good case studies to read up on?
0,"My Interview with Tim Harford on Misleading Statistics, Naive Predictions and Sticky Research (x-post r/statistics)"
0,Test word embedding biases yourself
0,How much programming does a data scientist do at their job?
0,How long would it take you (professional-level Data Scientist) to complete these projects?
0,Facebook Data Science Internship Interview Advice
0,Why use bagged trees over Random Forest?
0,Variable Importance Question
0,Go and analyze twitter they said....
0,What technique or algorithm do you think would be best for predicting subscriptions/transactions?
0,Best Way To Set-Up Local Database?
0,Putting two databases in relation
0,Japanese annotation service (M-turk alternatives)
0,Any DataScience Roadmaps like this ones?
0,Weekly 'Entering & Transitioning' Thread. Questions about getting started and/or progressing towards becoming a Data Scientist go here.
0,How to organize this data for SQL
0,Moving from GIS to Data Science/Engineering
0,Data analyst job question
0,Anyone Have Experience with EHRs? Specifically PrimeSuite and Cognify.
0,Applying basic NLP / text-mining to texts with girlfriend -- results
0,Help! Researching Competitors in the Hospital Data Analytics Industry
0,Student looking for some advice on my first data science project
0,Clarification request for Bayesian Classifier Example
0,Cross-validating NaN imputation strategy
0,how to do code reviews?
0,Questions regarding Data Analyst Job Description
0,Coding questions in interviews
0,Please explain Count-min sketch(Stream Algorithm) like I am a 5 year old.
0,Nvidia DIGITS object detection accuracy problems.
0,"How long do you think hadoop ecosystem, tensorflow and scikit learn will last?"
0,Has anyone switched from a Digital Marketing to a Data Science career?
0,Machine Learning Question
0,Is there even a chance at getting a job in data science just by sharing your portfolio and no bachelors degree?
0,Extracting Website Table
0,"For those of you that have bachelors degrees in non-STEM fields (or no degree at all) and also have DS jobs, how did you get to where you are and what do you do?"
0,"Hey /r/DS, I made a research paper recommender for Machine Learning /Computer Science, and I would love for you to try it out! Uses embedding representation for each paper: you can get recommendations of a combo of several papers, and TSNE maps of the recommendations. Easy to run in Google Colab"
0,What are alternatives to sklearn's TfidfVectorizer?
0,Preference on Where to Wrangle Data with python and SQL
0,Where can I find scientific articles about the steps of data management?
0,How is instacart as a firm to work for?
0,Is anyone able to generate a statistics and probability roadmap?
0,recent Math PhD grad - realistic salary and TC
0,Term frequency‚Äìinverse document frequency(tf-idf) for Chinese novel/documents implemented in python
0,Please help with Negotiating Salary and General Tips
0,What are some good resources to study demand transference with sample codes?
0,Social Media Management Platform with Reporting API
0,"Given a very simple MySQL DB, what is the easiest way to implement a BI Dashboard?"
0,A/b testing pricing model
0,Does anyone has experience working as a data scientist infrastructure at Facebook? Is there analytics involved in this position?
0,Is there information on data management best practices?
0,A fast Python implementation of tSNE
0,Working as a Data Science in startups in India
0,kNN USPS Zip Code Help
0,[P] New series on data augmentation for object detection - Code + open source augmentation library included
0,Anyone here dealt with Medicare CCLF data?
0,Analyzing the Internet‚Äôs Obsession with Photoshopped Images
0,Suggestions on career development needed
0,Classification question
0,The REAL confusion of starting a journey into Data Science
0,Excellent Data Science summary for starters
0,Tech phone screen with Google
0,Best Practice for filling Null Values?
0,Post Data transformation Testing
0,perfect answer üòé
0,We're running a challenge to optimize the scheduling of Swiss trains
0,Division in the community
0,Looking for an Excel substitute
0,Suggestions for introductory course / tutorial on Recommender Systems?
0,Why don't Boot Camps teach R?
0,Careers in Data Science that involve minimal social/communicating skills?
0,Help: How to analyze maintenance data in relation to student achievement?
0,Whopper data analysis project ideas
0,Machine Learning India
0,Where does data go?
0,How to stay happy as a Data Scientist
0,Way too much information about Boxplots
0,Resources for writing clean code for data scientists?
0,Probabilistic Matrix Factorization for Personal Recommendation
0,Rules of Machine Learning: | ML Universal Guides | Google Developers
0,"PhD ""or equivalent practical experience"". What does the latter imply?"
0,Where to find 'real problems' to practice data science and improve hands-on skills?
0,"""We are in the midst of a Third World War"""
0,"Feed Forward Layers - FC -> Relu -> FC, What the idea of using them"
0,Julia for Probabilistic Metaprogramming
0,Advice for making own website to display portfolio of projects
0,Non-Greedy MARS Regression (Blogpost)
0,How to collect data?
0,Human activity recognition | My first project using CNN
0,Top companies for data science
0,A tool to make NLP with SkLearn a bit less infuriating
0,Windows Deployment Options?
0,Steps of data management
0,How would you analyze Syrian Civil War data? Looking for help on applying algorithms to find insights on datasets
0,What is data manipulation vs data wrangling?
0,Data Science Work Help
0,How to scrape complete metadata record for a given journal?
0,Great Blog post on Setting Up a Dockerized Jupyter Server
0,Make ‚ÄúFairness by Design‚Äù Part of Machine Learning
0,Relational DB vs flat files + python? (D)
0,help with sentiment analysis of unstructured user posts in med. forum
0,How would you approach this business question?
0,Weekly 'Entering & Transitioning' Thread. Questions about getting started and/or progressing towards becoming a Data Scientist go here.
0,Looking for resources to learn how to launch machine learning models into production systems
0,Data Science in Astronomy
0,"Mo Data, Mo Problems. Everyone always talks about wanting more data, but they don‚Äôt talk about why they need data science or listen to analyst suggestions. If companies want to stay competitive, then they must invest in the resources to do so and treat data like a commodity."
0,Using Data Science to disrupt the NYC renter real estate market
0,Papers with Code
0,Training data label correction recommendations?
0,Best method for predicting the likelihood of an action based on multivariate time series data?
0,DataScience365 ( A project started recently to explore the concept of Data Science )
0,Anyone have experience parsing hospital data from a CMS in R?
0,Open Source Tools for Dashboard Design
0,Why Data Scientist Change Jobs
0,Very low cost cloud GPU instances (<$0.15/hr) - Vast.ai (BETA)
0,Pipeline Versioning (Open Source / Free) What are the options and recommendations?
0,Data Science and being a Quant: how transferable are the skills?
0,Data Democratization - Data and Analytics Takes a Step Closer to the Masses | Analytics Insight
0,Mathematica is the best tool for data science - change my mind...
0,What tools do you actually use at work?
0,Feature engineering that exploit symmetries can improve model performance! I made some visualizations of this for decision trees to illustrate why this is this case. Anyone aware of/have thoughts on how to take this to the next step?
0,R clustering with maximum size per cluster
0,Get free GPU for training with Google Colab - Detailed Tutorial
0,[Cheat Sheet] Snippets for Plotting With ggplot
0,"How to use recommender Systems with Multiple ""Ratings"""
0,Please Take This Survey if You're a College Grad and Working In or Pursuing a Career in Analytics!
0,How useful is a reference letter from an econ prof. for a MS Statistics application?
0,H2O.ai vs Datarobot? Your take
0,Are independent research papers useful for a data science portfolio?
0,"Super helpful cheat sheets for Keras, Numpy, Pandas, Scipy, Matplotlib, Scikit-learn, Neural Networks Zoo, ggplot2, PySpark, dplyr and tidyr, Jupyter Notebook"
0,Correlation Plot of a correlation matrix ( using R )
0,Step down from Data Scientist in next job- how far down?
0,How do you deal with post-job-interview thoughts and ideas? Share them or let them go to waste?
0,Best Resources To Learn R For Raw Algorithm Implementations
0,What are good products for data science on distributed infrastructure?
0,Super handy MachineLearning Glossary by Google.
0,Virtual assistant data entry service
0,What would be a good algorithm to use to take a list of books read and then find other similar books ?
0,The Power of A Neuron!
0,Where to study Data Science for Environmental Science?
0,Data Entry Services
0,Cheat sheet: Deep learning losses & optimizers
0,Is the business intelligence market getting flooded?
0,"What steps you take to figure out Linear Model as appropriate for Machine Learning? Would appreciate sample to your works in github, supporting your explanation, if possible."
0,Github (sort of) for data scientists?
0,Diversity in Data Science?
0,"Facebook DS, Analytics Video interview"
0,How would you identify top rising comedians from a specific demographic using social media statistics?
0,sklearn SimpleImputer VS Imputer
0,What have y'all been working on recently?
0,Best Practice - Entity Matching/Most Similar Entity
0,Is anyone here concerned about eventually putting yourselves out of jobs?
0,What are the secrets of data scientists who always get job offers?
0,The many ways to measure economic inequality
0,What hourly rate to charge for a data mining / analysis piece?
0,Google Introduces New Search Engine for Finding Datasets.
0,Guidelines For Ab Testing
0,Sales Pipeline Analytics Resources
0,Introduction to Reinforcement Learning using MXNet ü§ñ ‚Ä¢ r/MachineLearning
0,Best way to study for quant hedge fund interviews?
0,Looking for the right statistical approach to this time series dataset
0,LinkedIn August Work Report: Employers Desperate for Data Scientists
0,Time-Series Anomaly Detection
0,Roles Played by Bayesian Networks in Machine Learning
0,Check
0,Dataset search from Google (beta)
0,Deon: an open source ethics checklist tool for data scientists
0,The feeling of rushing the path/way of learning
0,Data Science roles are ill-defined? Advice : Read the requirements and skills
0,Premier League Data Analysis Since it's inception from 1992
0,Putting the Power of Kafka into the Hands of Data Scientists
0,"Am I headed towards Data Science, Data Analyst, Product Manager, neither?!"
0,Looking for a reliable source for historic and current album sales data.
0,Trying to understand Search Algoritms
0,Genetic Algorithms: Solving the N-Queens problem
0,The 3 Pillars of Data Science - The Choice to Pursue Communication or Tech
0,What data science courses/s you found best for you?
0,Combining low- and high-dimensional models into one
0,Is there a Data Science ready Ubuntu (or with another distro) ISO that I can use to speed up the set up process?
0,Anyone doing R stuff on JupyterLab?
0,From Pandas to Scikit-Learn ‚Äî A new exciting workflow
0,High level description of best algorithm(s) for particular applications?
0,PyCM: Multiclass confusion matrix library in Python
0,Deploying Data Statistics on the Webpage
0,Missing value in Random Forest ?
0,Best place to start for theoretical understanding of Natural Language Processing/Text Analytics?
0,Data Science for Genomics?
0,Causal inference using frontdoor adjustment
0,reddit.com/r/antisemitism ‚Äì NLP and Unsupervised Learning on Reddit
0,"Best Online Masters in Data Science and Analytics -- kdnuggets. Ranked by tuition and CIS rank, to approximate Data Science / Analytics"
0,LSTM for non-text data
0,Infographics: Who Am I? - Data Scientist
0,Convolutional Neural Networks (CNNs) explained
0,Is there anyway to access D3.js visualizations offline?
0,"Conference/bootcamp to learn data science fundamentals - 1 week duration, <2k?"
0,Fastest way to learn scikit learn?
0,Employment rates vs working multiple jobs
0,Buying computing infrastructure vs adopting the cloud in data analytics
0,Background in Web Development and Solutions Architect (AWS) and looking to dabble in data science. Thoughts?
0,Databricks - using R & MLeap
0,Kaggle help needed
0,Dataset of GoFundMe urls - interesting text data
0,I‚Äôve been assigned a DS project that has 100s of CSV‚Äôs with some having a unique ID to merge on. How would you go about making a loop to join/merge all relevant CSV files?
0,Exploring Decision Trees in Hilbert Space (Blogpost)
0,Can someone explain ARMA Models to me
0,Would you recommend MIT's or Harvard's data science program on edX?
0,Designing Cities for Data Scientists
0,Workflow when attempting to compare various preprocessing methods?
0,Load irregular data into Python Pandas 50x faster: build your own C++ module using the xtensor-python cookiecutter
0,Engineers Vs. Scientists: Who to Hire in Data Now?
0,Weekly 'Entering & Transitioning' Thread. Questions about getting started and/or progressing towards becoming a Data Scientist go here.
0,CLV for Continuous purchases and contractor customers
0,How a Firefox Engineer is Using A Deep Convolutional Neural Network to Replicate AlphaZero (X-Post r/statistics)
0,How to compare the Performance of GPU and CPU offered on FloydHub
0,Data Science
0,Building A Master Data Catalog Using Machine Learning (Interview)
0,Interested in acquiring a job as a Data Analyst
0,Looking for a Starting Point in the Field of Data Science
0,Which laptop for AWS (for data science and machine learning)
0,NLP packages for Python?
0,Can you solve a person detection task in 10 minutes?
0,key components of the data scientist toolkit?
0,"Is there interest in a fast, indexed JSON database/querying tool?"
0,Resume Critique: Data Analyst Transition Data Scientist
0,Issue 3 of Data Science News has been released
0,"I'm planning to take up a course in Data Science (Masters), wanted to know how much programming is used in this field"
0,Finding the Best Pok√©mon Types with PageRank and other Methods
0,Policy on Resume Review ?
0,Does a data scientist solves problems across multiple business domains?
0,New Data Analyst Job
0,Data organization for textual analysis of song lyrics
0,can I be a bad mathematician but a good data scientist?
0,Looking for a framework or some guidance on extracting most common customer complaints from blobs of customer reviews from across websites and blogs.
0,Astrophysics to data science - best way to do this?
0,Machine Learning successes at work
0,Java or Python?
0,Are these responsibilities relevant to Data science?
0,Techniques for forecasting time series data with different regimes
0,Isolation Forests method for detecting anomalies on bivariate data
0,Mathematics for Machine Learning
0,Is a PhD necessary or even beneficial?
0,Opinions on HKU Masters?
0,IBM's Watson problem: Is machine learning over-sold as a cure for all problems?
0,Daily or Weekly news source for use cases of data science in genetics
0,I need a dataset for a data science competition
0,"Excel, SQL, Pandas.... What's The Difference?"
0,Docker for environment mobility?
0,Separated from DS job and taking a month off to make portfolio. What to do about LinkedIn?
0,My company [Holistics.io] is having a free webinar on Embedded Analytics!
0,Crowdsourcing a University Major: What topics and skills should be covered in a Business Data Science Major
0,Is my internship relevant to datascientist field ? If so please give me some insight. (Work detail attached)
0,How to best vizualise a nonlinear funnel?
0,Jupyter notebooks
0,Memory Errors in Batch Image Processing (using OpenCV Sobel Filter)
0,Python Pandas: Tricks & Features You May Not Know
0,How do I combine different groupings of the same data?
0,Example of ML Implementation
0,Market Basket Analysis - Recommendation system
0,Looking to get into data science? Here is an interesting project to put on the resume (python or JavaScript skills required)
0,Best way to clean up user input Addresses?
0,Predicting subcategories along with a category while performing text classification
0,Removing confidentiality notices from emails
0,Data Science Competition to Solve the Cold-Start Problem with Energy Timeseries
0,Questions regarding on Python courses
0,"My neural network is 99% accurate, and 100% useless"
0,Standard Deviation and Yellow Caution Range
0,Accurately determining the mean hour of day / day of week / month of year
0,Does Logistic Regression deal with compounding features?
0,Does anyone know where do I find specific data science articles for study?
0,Webinar on how online retailer (Rue La La) built their recommendation engine using machine learning models
0,How music affects culture with data science ?
0,Has anyone used Datawatch?
0,Are there any tools that will convert SQL queries from Microsoft Access to SQL readable by SAS?
0,I think this is a very important topic that could use some more definitive answers
0,Data Scientists in insurance or retail...what's your day-to-day like? What sorts of problems are you working on?
0,Question Regarding Data Transformation & Model Development
0,Simulating Fridge Consumption Data
0,Topic analysis model for python
0,My first analytics project - Customer churn
0,How to import PMML model into spark using pyspark or scala or sparkR?
0,Data science jobs in Finland
0,"Taking courses on Udemy for programming in python for data science, not enough exercises/homework question though. Suggestions?"
0,Data Structures and Algorithms for Data Scientist Interview
0,calculating signficance levels for a boolean problem
0,Statsmodels OLS Multi-Variable Regression Question
0,Need help with my internship - transport sector predicting fuel usage
0,What is the industry standard for power in the power.prop.test function in R?
0,Introducing ShinyR Knowledge Repo
0,Sources for Python Data Wrangling
0,Prediction model validation using bootstrapping
0,Good Data Collection app
0,"Are you actively/passively collecting data off the web, right now?"
0,Time traveling with graph databases
0,"Best way to work with multiple categories in an array [Pandas, Python]"
0,"Wrote a blog about the roles a Data Science team needs. Pretty obvious stuff, but often overlooked in my experience..."
0,Was searching for freelance data science jobs and found this...
0,Need Help with running exercises from ThinkStats ( by Allen Downey) on Jupyter Notebook
0,Searching for data to answer the question: How much do business majors make per year on average?
0,Where should I write my own program instead of using APIs
0,The Data Incubator: Re-enroll as a Scholar to take the Partial Refund?
0,Using Homomorphic Encryption In Production With Enveil (Interview)
0,Should I switch down from Data Scientist back down to a Data Analyst?
0,Which Data Science/Statistics programs in US accept GMAT as an alternative to GRE?
0,Weekly 'Entering & Transitioning' Thread. Questions about getting started and/or progressing towards becoming a Data Scientist go here.
0,Just won $500 for a data analysis project - thanks /r/datascience!
0,Can someone help me understand multicollinearity and dummy variable trap?
0,Good for a chuckle : Statistics and Machine Learning in the eyes of /r/coding
0,"SMU's latest data science review journal is here, volume 3, from their master's program"
0,Supporting data science
0,How does one make a time series forecast given the assumption that the time series will follow the same pattern as a previously recorded time series?
0,Seeing through the noise with stability selection
0,R vs Excel
0,How often do you use scikit-learn pipelines?
0,Want to know more about the history of the Olympic Games?
0,Learning data wrangling
0,Deep Dive in Machine Learning
0,"Starting a Data Science blog about some experiments that I am interested in running, looking for feedback on my first post."
0,Data Science 5 years from now?
0,Simple Python ETL framework?
0,Data analytics projects ideas
0,2nd level of a Neural Net
0,Help! Should aspiring data scientists learn SQL?
0,Courses in London?
0,Clothing-Fit Feedback Dataset from Modcloth- EDA and Preprocessing
0,Possible Options for a PhD Student in Experimental Psychology
0,[D] Could you help me understand the math of this paper? (x-post from r/MachineLearning)
0,Fast Parallel Data Analysis and Processing in Python with Dask Dataframes
0,Issue 2 - Curious About How To Be A Data Scientist?
0,The Future of Notebooks: Lessons from JupyterCon
0,Form data extraction
0,Has anyone used Random forest in a professional setting?
0,Sources to update new knowledge
0,Resources for dynamic pricing based on consumers' behavior?
0,"Love machine learning and engineering, hate analytics"
0,How can you assess your proficiency with a language? Are there any useful standards/guidelines?
0,Clothing-Fitting Feedback Dataset from Modcloth.com and RentTheRunWay.com
0,How did you get your second job as a data scientist?
0,Following someone making a project
0,How Do I Save A Machine Learning Model Using Sklearn
0,"How different are data science projects, methods, and solutions from working on Kaggle competitions vs Industry projects, client side?"
0,Advice to Break into Data Science from Engineering
0,Newbie here need some advise
0,"Da Beave & Faux Reals presentation on ""Bots"" & ""Fake News"" at HOPE conference"
0,CO Network is releasing a Science & Tech collaboration network in collaboration with the Machine Learning Society.
1,[Spoilers] Share your tips and advice for a Thrones-themed Halloween!
1,[SPOILERS] Weekly Rewatch | Season 6 Episode 7: The Broken Man
1,[SPOILERS] I JUST WATCHED THE RED WEDDING
1,[no spoilers] digital painting I did of Dany!
1,"[SPOILERS] Daenerys, fan creation by Hikaru Yagi"
1,[SPOILERS] Never Forget. R.I.P.
1,[No Spoilers] Charcoal drawing I did of Dany a while ago. Definitely my best and favorite drawing of mine even though I still need some work :)
1,"[SPOILERS] 4x02 ending but it‚Äôs black and brown, and covered with hair."
1,"[No Spoilers] A while ago I made some house sigils. Well, I made some more."
1,[SPOILERS] A Theory/Prediction on Arya Stark
1,[NO SPOILERS] Who's read for next season ?!
1,[No Spoilers] I made Jon Snow in SoulCalibur VI
1,[SPOILERS] I'm confused. . .
1,[NO SPOILERS] The pumpkin i carved
1,[NO SPOILERS] My girlfriend made this Longclaw pommel for her Jon Snow costume!
1,[NO SPOILERS] My self-made Game of Thrones backpack.
1,[spoilers] was the hand of the king...
1,[No Spoilers] Game of Thrones characters (circa Season 2) in Soul Calibur V
1,[Spoilers] Why has there not been any talks about potentially putting game of thrones and ASOIAF on Broadway?
1,[NO SPOILERS] I crafted a Dragon Egg Chalice as a birthday gift!
1,"[SPOILERS] Listen and give your feedback to Melisandre's Resurrection Spell in 6 languages, plus High Valyrian"
1,[SPOILERS] Daario Vs The Champion of Meereen...
1,[NO SPOILERS] GOT a pinball machine at my workplace!
1,[NO SPOILERS] Inktober 2018. My sketch of Jon Snow. Hope you like it.
1,[SPOILERS] The two successions
1,[Spoilers] Just need to cut the hair...
1,"[SPOILERS] I‚Äôm probably not the first to think this up, but I had an idea for the ending I‚Äôve never seen mentioned before"
1,[SPOILERS] Game of Thrones - The Great War
1,"[SPOILERS] Cercei's plan after the ""The Winds of Winter"" events"
1,[SPOILERS] Game of Thrones ANIME OPENING
1,[NO SPOILERS] new Johnnie Walker design
1,[No Spoilers] My Arya Stark/Koh the Face Stealer Fan Art
1,[No Spoilers] The pumpKing
1,"[NO SPOILERS] Just finished carving and painting my latest creation, The Night PumpKing."
1,[spoilers] Sam the Savior Theif
1,[SPOILERS] Who is responsible for the most deaths?
1,[spoilers] Should GoT be ...
1,[SPOILERS] Top 14 crackpot/tinfoil predictions I want to see (but probably won't happen)
1,[No Spoilers] Are there more GOT related works i coupd watch?
1,[NO SPOILERS] WINTER IS COMING
1,"[No Spoilers] Game Of Thrones - Light of the Seven Music Box Version | Created in the middle of the night, spontaneously, after reading about music and depression. I just needed to make this."
1,[NO SPOILERS] Jaime's Charge
1,[SPOILERS] How can I get the violin piece of the last 10 minutes of S7E7 ??
1,[no spoilers]My Game of Thrones ‚ÄúSansa‚Äù Camo Jacket
1,[NO SPOILERS] My Targaryen pumpkin!
1,"[NO SPOILERS]I'm not sure if it's because the show is ending, but I'm finding that I have almost 0 excitement for Season 8"
1,[Spoilers] Show Sn3 Theory
1,[NO SPOILERS] Mariachi of Thrones
1,[no spoilers] my Night King pumpkin from 2015
1,[SPOILERS] Why did Jamie refuse milk of the poppy when Qyburn was tending to his arm at Harrenhal?
1,[SPOILERS]cersei's firstborn: a mysterious quote from season 4
1,[NO SPOILERS] Do you think we will get trailer for the last season this year ?
1,[NO SPOILERS] GoT House Sigils - where can i find them?
1,[NO SPOILERS] - 3 Most evil game of thrones characters
1,"[SPOILERS] Who do you think was more dangerous, Varys or Little Finger?"
1,[SPOILERS] Podrick will be a strategic general.
1,[No Spoilers] A Pumpkin of Ice and Fire
1,[SPOILERS] Can somebody explain why Dorne is essentially bad in the show compared to the books?
1,"[NO SPOILERS] Ygritte, digital drawing by Chong Zhang"
1,[No Spoilers] Fall is coming
1,[No Spoilers] A Preview of Game of Thrones Hockey League
1,[SPOILERS] What is the meaning of Jon Arryn's last words?
1,[NO SPOILERS] I thought my house start pumpkin was pretty impressive
1,[spoilers] The deaths of the characters quite ironic. How will remaining characters meet their end?
1,[Spoilers] What does Jaime mean by...
1,[NO SPOILERS] House Stark
1,[NO SPOILERS] Apparently High Septons have names now?
1,"[NO SPOILERS] Our GOT pumpkins! Mine's Jon Snow, ft. Khal Drogo and Tyrion!"
1,[SPOILERS] Youtube commenter gives beautiful analysis of Cersei's theme song: Light of the Seven
1,[SPOILERS] Anyone seen a wallpaper worthy version of this around?
1,[Spoilers] Something I've realized from the first book: an early potential plot by the Lannisters
1,[NO SPOILERS] last minute pumpkin inspiration came out better than expected! (It says Winter is Here)
1,[No Spoilers] Dragonstone oil painting by Naci Caba
1,[No Spoilers] Game of Thrones Review
1,[SPOILERS] Bronn || Evil Ways
1,[SPOILERS] Would you say that Ramsey or Joffrey is worse?
1,[Spoilers] White walker orientation
1,[NO SPOILERS] On the last episode of season 7
1,[Spoilers] When Season Eight is All Said and Done...
1,[Spoilers] Sansa thoughts
1,[No Spoilers] Winds Of Winter Song Question
1,[LEAKS] Benjen Stark Knew The Truth About Everything ? Game Of Thrones Season 8 (End Game Theory)
1,[Spoilers] Battle of the Bastards...
1,"[NO SPOILERS] For my first cake day (hope I‚Äôm using that right) and first post, here‚Äôs the real life King‚Äôs Landing in Croatia!"
1,[NO SPOILERS] Got married recently. This was my gift to my wife.
1,[No Spoilers] Dire Wolves Print
1,[NO SPOILERS] My neighbors Halloween decorations
1,"[SPOILERS] The Iron Throne, thoughts?"
1,"[SPOILERS] Sansa theory (not really, but)"
1,[NO SPOILERS] Painted my pc case with the poster from s2
1,[NO SPOILERS] The Wolf and the Lion
1,[NO SPOILERS] Wife got me a 4D puzzle set for our anniversary!
1,"[NO SPOILERS] Happy Halloween, Targaryen sigil pumpkin carved by my wife"
1,[No spoilers] A local land developer obviously appreciates fine television
1,[SPOILERS] Ramin Jammin
1,[SPOILERS] Azor Ahai identified clearly in the books?
1,[SPOILERS] On every rewatch...
1,[SPOILERS] Foreshadowing that Sam will be Hand of the King?
1,[SPOILERS] One particular theory that would thematically tie together the beginning and end of the story in a hilarious way
1,[SPOILERS] Show theory for continuation
1,[SPOILERS] Which other 'main' character is alive? (After Season 7)
1,[SPOILERS] SHOCKING!!!!! evidence for gendry's mother
1,[SPOILERS] Anyone remeber those synopsis from a while back that some user made from every episode?
1,[Spoilers] Are you worried for Season 8 because of Season 7?
1,[NO SPOILERS] Not sure if this has been posted before; saw it at my local hardware store today.
1,[SPOILERS] Is Michael Sapochnik the best GoT director?
1,[NO SPOILERS] I updated the Margaery Tyrell portrait to match the pose and likeness of Natalie Dormer
1,"[Spoilers] 300 years before A GAME OF THRONES, dragons ruled Westeros. Coming in one month: FIRE & BLOOD, the history of the Targaryens. http://ow.ly/OpAJ50iZsby"
1,"[NO SPOILERS] Question about ""My Lord"" and correct usage of titles."
1,"[Spoilers] Did S7 feel too ""safe"" and how should S8 be better?"
1,"[NO SPOILERS] Tyrion Lannister, fan creation by Jean-Baptiste Monge"
1,[No Spoilers] Daenerys Targaryen
1,[SPOILERS] Season 4 Episode 1
1,[NO SPOILERS]Terrible post-binge-watching blues
1,[Leaks] 'Game of Thrones' shot a reunion special bringing back former cast
1,"[NO SPOILERS] Sorry in advance if this doesn't belong here, but I finally got my Three Eyed Raven chest piece done and I couldn't be happier with it!"
1,[NO SPOILERS] Board game tokens SVG images
1,[Spoilers] My buddy is a tattoo artist and someone asked him to do Jon Snow
1,[Spoilers] The last two Stark reunions were underwhelming
1,[Spoilers] I really hope Daenerys doesn't become Queen at the end of GoT
1,[SPOILERS] House Bolton in Season 5
1,[SPOILERS] SHOCKING! gendry may kill the night king
1,[SPOILERS] Who is the most hated character in the show? Who is yours?
1,[SPOILERS] What changed on your 2nd viewing?
1,[NO SPOILERS] My amazing wife has these cornhole boards made! Even come with custom bean bags!
1,[SPOILERS] Are the Dornish... Cornish?
1,[SPOILERS]Theory about an odd similarity between Jon and Danny.
1,[No Spoilers] need help with a quote
1,[SPOILERS] Something i have been thinking about for season 8
1,"[NO SPOILERS] Jon Snow, fan creation by Greg Luzniak"
1,[Spoilers] The Khal Drogo prophecy
1,[No Spoilers] Anyone watch Big Mouth? Liked how the Shame Wizard had a Septa Unella poster in his office (sorry if this is too off topic)
1,"[NO SPOILERS] After two years of constant practice and drawing, I decided to redraw a portrait of Margaery Tyrell"
1,"[NO SPOILERS] Funko Pop has just rolled out a new boxed set for collectors of GoT figures - The Creators. The writers: Martin, Benioff, Weiss."
1,[SPOILERS] Season 2 Episode 8 Jamie Lannister says 3 swordsmen could possibly beat him in a match. Who do you think he was referring to?
1,[SPOILERS] Reigns - GoT (game) has launched
1,"[SPOILERS] Jaime Lannister, the Kingslayer, is Azor Ahai (or at least a representation)."
1,[SPOILERS] If u were given the choice to kill off either Jon or Dany in s8 who would u kill? And how?
1,[NO SPOILERS] Daenerys by Sam Spratt
1,[SPOILERS] Westeros map buffs! Cool attention to detail in season 7 episode 3
1,[SPOILERS] Did Shae ever really love Tyrion? S3 rewatch musings
1,[Spoilers] Jaimie's arc in the show post S4 has been really messy
1,[Spoilers]. A question about the dire wolves....
1,[SPOILERS] Skinchangers
1,[SPOILERS] Final season theory/sh*tpost
1,[SPOILERS] The constant complaining about...
1,[Spoilers] Favourite Scenes?
1,[spoilers]... Only two vaylerian steel swords in the capital
1,"[Spoilers] Who is more likely to die in S8, Jon or Daenerys?"
1,[SPOILERS] An unsatisfying ending
1,[Spoilers] Do you think we will get more info on the Lord of Light or will he remain mysterious?
1,[No Spoilers] IMDB‚Äôs trivia section states that Lena Headey and Jerome Flynn both had a clause inserted into their contracts that they were never to share scenes and must remain apart in set. Is this true? Did it actually play out?
1,[NO SPOILERS] Had this awesome cake for my birthday
1,[SPOILERS] - Favorite Music from the Series
1,[NO SPOILERS] My birthday cake made by my sister
1,[Spoilers] If Arya's ending is anticlimactic I'm done
1,[SPOILERS] So...about that Prophecy.
1,[Spoilers] Jon Snow analysis
1,[Spoilers] What if the NK is trying to....
1,[SPOILERS] Whats everyones personal saddest moment in the show?
1,"[NO SPOILERS] Tywin of House Lannister, acrylic"
1,[Spoilers] Tywin Lannister is the best antagonist this show ever had
1,[NO SPOILERS] Reigns GOT should be out on Android (IOS as well i think) today.
1,[Spoilers] I still believe the biggest reveal is yet to come in S8...
1,[NO SPOILERS] On the dock in Kings Landing. This place is amazing.
1,[SPOILERS] Dragonstone concept art by Karakter design in Copenhagen
1,[SPOILERS] Sansa or Dany- Who is the better character?
1,[SPOILERS] Animals in GoT ‚Ä¶ Nymeria and Viserion
1,[NO SPOILERS] Sean Bean Hopes for 'Game of Thrones' Prequels
1,"[SPOILERS] This is why famous zig-zag move WASN'T as smart as ""experts"" say."
1,"[NO SPOILERS] Drawing of all the houses my girlfriend made, finally got it framed!"
1,[NO SPOILERS] Is the wall made of ice?
1,[Spoilers] My theory on how this whole thing will end
1,[SPOILERS] Hidden major roles ?
1,[SPOILERS] The one body the Night's Watch failed to burn...
1,[Spoilers] To betray or not to betray
1,[NO SPOILERS] the greyjoys have the best looking outfit especially with their really long scarf
1,[SPOILERS] Season 7: Benjen Stark is literally the only character whose relationship to Jon Snow is exactly what he believes it to be.
1,[Spoilers] What's the reasoning behind the shorter seasons?
1,[SPOILERS] Anyone else think that every season of GoT is overall good?
1,[SPOILERS] questioning tyrion's intentions
1,[SPOILERS] Show Ending Odds
1,[NO SPOILERS] - GOT cover music
1,[SPOILERS] Possible ending Scene
1,[NO SPOILERS] Name an actor/actress you wish would've been a part of Game of Thrones
1,"[SPOILERS] Sneaky ""little"" bird"
1,[No Spoilers] I pity the teenage/adults who haven‚Äôt watched GoT yet. Or won‚Äôt untill after s8.
1,[NO SPOILERS] House stark inspired side of the cooler i made for formals this weekend!
1,[SPOILERS] Fan theory about Aerys II Targaryen
1,[SPOILERS] Bronn Theories
1,"[NO SPOILERS] Jon Umber, the Greatjon - from A Song of Ice and Fire Miniature Game. Painting the wait away for S8!"
1,"[Spoilers] One year ago today we lost Roy Dotrice, Pyromancer Hallyne actor and ASOIAF audiobook narrator."
1,[spoilers] Shire Post Mint Game Of Thrones Coins
1,[NO SPOILERS] Argument time! Who would be the most entertaining or deserving of the iron throne? Any character is eligible and you can also choose their hand if you want!
1,[No Spoilers] Since it snowed pretty good yesterday I made my cat a Stark cloak.
1,[Spoilers] Fancy yourself as a Maester? Come along to our GoT trivia on Discord this Saturday!
1,[NO SPOILERS] Who the heck is this in this GoT calendar?
1,"[Spoilers] Aside from the Targaryens and Baratheons, is there any kind of hierarchy to the Great Houses?"
1,"[SPOILERS] There will be a lot of character arcs coming to an end this next season...If one of your beloved characters ends up dead, how would you like them to go out?"
1,[Spoilers] Why is the Night King going south personally?
1,[SPOILERS]Baratheon lands ?
1,[NO SPOILERS] Took this awesome picture Sunday night in Toronto!
1,[NO SPOILERS] finally get to use my Hand of the king wax seal! Using it on wedding invites.
1,"[NO SPOILERS] ""you'll be ruling over a graveyard....if we dont defeat the night king"""
1,[SPOILERS] Red Woman in Ep. 7 S. 4?
1,[SPOILERS] Recording my SO's reactions
1,[Spoilers] Random prediction about Jorah Mormont
1,[SPOILERS] Eng Game Theory
1,[NO SPOILERS] Costume ideas?
1,[No Spoilers] VelociPodcast does Game of Thrones
1,[Spoilers] Jon Snow gets the most epic episodes
1,"[NO SPOILERS] Posted this costume awhile ago but finally it to wear it to the Ohio Renaissance Festival, hope you enjoy! Last post was flagged for spoilers in the title??"
1,[No Spoilers] A Song Of Bookends For An Unfinished Fantasy Story
1,[Spoilers] How would you improve each season of GoT? What would you change?
1,"[NO SPOILERS] Where is the chart someone created of the projected Winds of Winter release date, based on previous release years?"
1,[NO SPOILERS] Finished watching for the first time.
1,"[NO SPOILERS] Game of Thrones chess set: SHUT UP AND TAKE MY MONEY! (don't get excited, nobody is selling them yet)"
1,[Spoilers] Peter Dinklage Hints at a Grim Fate For Tyrion at the End of 'Game of Thrones'
1,[NO SPOILERS] Just got this awesome lamp for our new theater room!
1,[No Spoilers] What is your bastard name?
1,"[No Spoilers] Went to GoT concert live tonight in Toronto, Canada! It was epic!"
1,[SPOILERS] Is anything planned for Varys?
1,[SPOILERS]S1E6 lostlink presents Andrea‚Äôs Favorites as of Season 1 Episode 6
1,[SPOILERS] New Talking Thrones video about the Night King
1,"[SPOILERS] Let's play a game; recount all the lies Littlefinger has told, to anyone, throughout the series . . ."
1,"[SPOILERS] Now that winter is here, I wish they would show us the Winter Town outside the walls of Winterfell"
1,[SPOILERS] In hindsight this scene explained why Meryn Trant had no issues with beating Sansa.
1,[NO SPOILERS] I was Daenerys for Halloween last year. Everyone thought I was Elsa.
1,[NO SPOILERS] Geek Chic
1,[Spoilers] Which characters do you hate (even if they are well written)?
1,[SPOILERS] Are any of Khal Drogo's original blood riders still with Dany? (in the show only)
1,[Spoilers] Anyone else get bored with Dany's story after S1?
1,[spoilers] ‚ÄúCan a man still be brave if he‚Äôs a afraid?‚Äù
1,"[NO SPOILERS] White Walker and Mother of Dragons, one to drink and one to keep of each üòé"
1,[NO SPOILERS] Northerner costume/cosplay tips?
1,[SPOILERS] Reoccurring characters with little back story. Is it intentional?
1,"[NO SPOILERS] Daenerys, digital drawing by Gavin Wynford"
1,[Spoilers] Who should rule Westeros at the end of GoT?
1,[SPOILERS] Dorne
1,[SPOILERS] Weekly Rewatch | Season 6 Episode 6: Blood of My Blood
1,[NO SPOILERS] Jamie lannister vs Robb Stark full unseen battle of whispering wood
1,[NO SPOILERS] Targaryen Sigil Stencil for parking spot made with X-Acto Knife
1,[NO SPOILERS] Drew the Titan of Braavos for Inktober
1,[NO SPOILERS] I went to Dorne today ya'll
1,"[NO SPOILERS] Lost, apparently hilarious SNL Digital Short from 2012 - ""Why is there so much nudity in Game of Thrones?"" Appears to have been removed from the internet following copyright dispute. Anyone have a copy / working link?"
1,"[NO SPOILERS] new ink, house targaryen forever!"
1,[Spoilers] Tyrion's confession may go down as one of the most captivating speeches ever portrayed.
1,[Spoilers] Jaime and his hands
1,[SPOILERS] Why didn't Tywin ever remarry?
1,[Spoilers] Arya and the Hound in season 8
1,[No Spoilers] Just finished this cross stitch for my mum‚Äôs birthday!
1,[NO SPOILERS]Does anyone have an HD version of this picture?
1,"[No Spoilers] Ramin Djawadi, the creator of all the music in GoT, playing ‚ÄúDracarys‚Äù live on an electric guitar. Legend."
1,"[NO SPOILERS] Daenerys Targaryen, realistic tattoo by Nastasya Ustinova"
1,"[NO SPOILERS] GOT Theme Music by Mujeeb Ruzik on the top of Gondogoro la, Pakistan, 5600m height pass in Baltoro Glacier making us swoon! Instrument name is ‚ÄúRubab‚Äù"
1,[NO SPOILERS] What if ASOIAF/Game of Thrones took place in a different setting?
1,"[SPOILERS] UK fans, what time will you watch GOT when it comes back?"
1,"[No Spoilers] I'm trying to combine two of my interests, LEGO and AGOT. I've made miniature Winterfell, Dragonstone and Meereen to start my own little GOT skyline. Hope you all like it."
1,"[No Spoilers] Jon Snow, Wood Burning. 7‚Äùx12‚Äù"
1,[NO SPOILERS] Stickers I made of my favorite characters
1,[SPOILERS] Are there more dragon eggs in Asshai?
1,[Spoilers] Did this for my mother on her birthday!
1,[SPOILERS] Game of Thrones/ASOIAF Theories | Fire and Blood Excerpt Breakdown | Part 1
1,[NO SPOILERS] Lord Friendzone and Queen Kelly C. Homemade Cosplay
1,[Spoilers] since everyone is showing off their GoT wood burnings here‚Äôs one of mine.
1,"[NO SPOILERS]A 16th century map of the English county of Somerset, the inspiration for the Reach in A Game Of Thrones"
1,[SPOILERS] Digital artwork of John Snow and Daenerys
1,"[no spoilers] Drogon, Rhaegal, Viserion & Viserion gone wild. Can you tell which is which? I‚Äôm worried they look about their colour and likeness but if you guys like these then I know I‚Äôve done a good job üòÄ"
1,[SPOILERS] (GoT) Jon Snow | The Wolf Who Breathes Fire
1,[NO SPOILERS] GOT wood burning I did.
1,[NO SPOILERS] What's your favorite couple in Game of Thrones ?
1,[NO SPOILERS] Toronto GOT Live Concert
1,[Spoilers] How high do you rank Game of thrones?
1,[SPOILERS] Why didn't Ned demand trail by combat?
1,[SPOILERS] What‚Äôs your favorite House?
1,[SPOILERS] The beginning and ending shots of SE5E08 are framed similarly and look spooky side by side
1,"[SPOILERS] I‚Äôve got to say, David Bradley‚Äôs role as Walder Frey is an unsung, quite memorable villain."
1,[No Spoilers] I know where I‚Äôm going for study abroad!
1,[Spoilers] The twist
1,[SPOILERS] WAR OF ROSES AND GAME OF THRONES ENDING THEORY
1,"[NO SPOILERS] To maintain secrecy, the ‚ÄòGame of Thrones‚Äô crew will kill your drone if it gets too close"
1,[SPOILERS] The Hound
1,"[NO SPOILERS] Work-in-progress Jon Snow, getting hyped for final season!"
1,[SPOILERS] I like how Ned's presence is still felt in the show
1,[Spoilers] Who would you say are the best and worst actors of GoT?
1,[NO SPOILERS] my first rewatch
1,[SPOILERS] What was the narrative explanation for this scene
1,[No Spoilers] When will Thrones be at Comic Con?
1,[SPOILERS] Nightfort Theory...
1,[Spoilers] Game of Thrones gets even better on a rewatch
1,[Spoilers] S2 is one of the weaker seasons
1,[Spoilers] Can Bran ever be normal again?
1,[SPOILERS] Podrick Payne (book question)
1,"[NO SPOILERS] Daenerys, fan creation by Nikolas Arroyo"
1,[Spoilers] My predictions for season 8
1,[No spoilers] Don't you think Ned Stark should had requested a separate dominion for the North and claimed the king in the north after Robert's Rebellion?
1,[SPOILERS] I don't understand the love for Brienne
1,[No Spoilers] Game of Thrones Percussion Cover
1,[No Spoilers] went for the amazing Game of Thrones Concert today
1,"[SPOILERS] Visions from the flames: precognition, manipulation, or self-fulfillment?"
1,[Spoilers] Anyone else disliked the High Sparrow story arc?
1,"[NO SPOILERS] Skyreach, seat of house House Fowler, Dorne."
1,[Spoilers] Do you care more about the books or the show?
1,[No Spoilers] my cosplay at NYCC. Photographer just sent me this!
1,"[SPOILERS] Theory: Magic is Back, but not because of Dany‚Äôs Dragons."
1,[NO SPOILERS] Dog breed names in GoT
1,[SPOILERS] Am I the only one who thinks that...?
1,[Spoilers] How would Catelyn have reacted to Jon's true parentage?
1,[No Spoilers] When can we expect a trailer for the final season?
1,[Spoilers] what is stopping the white walkers and the zombies from going around the wall?
1,[NO SPOILERS] Blind man plays Game of Thrones soundtrack with drum(?)
1,[No Spoilers] Attended the Game of Thrones Live Concert Experience Last Night
1,[SPOILERS] The Kingslayer's Arc Prediction (Continued)
1,[SPOILERS] poll - Least favorite character?
1,[No Spoilers] Wanted to share my Daenerys Cosplay from NY Comic Con
1,[spoilers] why couldn‚Äôt the wildlings...
1,[Spoilers] Are northerners friendly?
1,[SPOILERS] Just finished The Rains of Castamere
1,[SPOILERS] what episode was this?
1,[No Spoilers] Figured I'd share my Jon Snow cosplay too!
1,[No spoilers] Jon Snow cosplay
1,"[NO SPOILERS] The stage today at GoT Live Concert Experience, Detroit. ‚ùÑÔ∏èüî•"
1,[SPOILERS] Battle of Goldroad
1,"[SPOILERS] Why didn't they just execute someone, put them in the box, and wait for them to undie?"
1,[SPOILERS] I think Emilia Clarke has gotten better throughout the show
1,[NO SPOILERS] Daenerys Targaryen by Rapi
1,[SPOILERS] Arya and Sandor Design
1,[NO SPOILERS] Pre-Conquest Coins of Westeros
1,[NO SPOILERS] Visited the filming location for Winterfell yesterday
1,[Spoilers]Could Gilly be a key player?
1,[No Spoilers] Heard you like cosplays. Here‚Äôs our version of End-Game Jon and Dany.
1,[NO SPOILERS] I thought you guys might appreciate this awesome anniversary gift from my wife
1,[SPOILERS] Drew Ramsay for Inktober a few days ago. A friend told me to post it here.
1,[NO SPOILERS] How many people live at Winterfell?
1,[Spoilers] I'm glad the show has gotten more hopeful and less depressing
1,[SPOILERS] Downhill after ASOS?
1,[SPOILERS] Dreamcatcher in GoT? (S02E10)
1,[SPOILERS] How do the unsullied lose like that?
1,"[No Spoilers] Selling 2 tickets for Game of Thrones Live Concert in Columbus, OH at 8pm October 10th"
1,[NO SPOILERS] TOP 5 STRONGEST CASTLES IN GAME OF THRONES (What do you guys think?)
1,[NO SPOILERS] My Night King jack-o'-lantern! Turned out pretty good.
1,[Spoilers] Daenerys' immunity to fire and her connection to the dragons
1,[SPOILERS] Worst way to end Game of Thrones
1,[Spoilers] Does anyone think Arya could....
1,[Spoilers] What is a really good and underrated Chapter in the books you want people to know about?
1,[NO SPOILERS] I cosplayed Daenarys at NYCC
1,[SPOILERS] The villians in this show are let off way too easy
1,[SPOILERS] Who's your most destructive pair and why?
1,[SPOILERS] Theory
1,[No Spoilers] Why is she Cersei Lannister?
1,[No Spoilers] Game of Thrones blanket i crocheted and attached fleece to.
1,[Spoilers] I think I know how it all ends now...
1,[SPOILERS] up to end of season 2. Does Daenerys Targaryen not need to breathe?
1,[NO SPOILERS] The King‚Äôs Road plus a couple of tourists
1,[SPOILERS] I've read a bit of the first book and am considering reading the entire series. The first book so far seems very similar to the TV show. How much do the books and show differ? Are the books better?
1,"[NO SPOILERS] a Battle aged Robb Stark, acrylic"
1,[Spoilers] Daenerys can't possibly die
1,[Spoilers] Poll results: Which season of Game of Thrones is your favourite?
1,"[SPOILERS] Hello all, if you had to write a 25 page paper on ~literally~ any topic in the GOT universe, what would you write on?"
1,[NO SPOILERS] Tought some of you might enjoy my game of thrones shelf <3
1,[SPOILERS] Theon Greyjoy
1,[SPOILERS] Melisandre‚Äôs next move.
1,[NO SPOILERS]. Here is the charity pitch video I made for hand carved dragon chair. I hope someone from HBO and GOT see it.
1,[Spoilers] Never-before-seen Game of Thrones art depicts origins of Westeros
1,[SPOILERS] Laws regarding rape in Westeros and Essos?
1,[SPOILERS] What are your favourite excerpts from the Game of Thrones book collection?
1,[no spoilers] One of the Children of the Forest and Jon Snow at NYCC
1,[SPOILERS]S1E5 lostlink presents Andrea‚Äôs Favorites as of Season 1 Episode 5
1,[Spoilers] Arya cosplay
1,[Spoilers] Question about the Three Eyed Raven and Hodor.
1,[NO SPOILERS] The only way to spend Sundays until S8
1,[NO SPOILERS] Beric and Thoros design
1,[No Spoilers] House Lannister sigil carved on a pumpkin.
1,[NO SPOILERS] somewhere in pakistan
1,[NO SPOILERS] How To Play the Game Of Thrones Theme (looks cool)
1,[NO SPOILERS] Braavos painting on canvas by me.
1,[NO SPOILERS] A pastel drawing my gf made. Hopefully you love it as much as I do
1,[No Spoilers] A wood burning I did for a friend for her birthday.
1,[NO SPOILERS] As seen in Belgium
1,[SPOILERS] VALERIAN STEEL THEORY
1,[NO SPOILERS] Cross stitch banners. Pattern by Clouds Factory.
1,[SPOILERS] S7E2 Stormborn - Citadel Book Sighting... What will Sam discover?
1,"[No Spoilers] After reading (half of) Game of Thrones, I decided I wanted the rest of the series in English, lo and behold: the series in gorgeous Leather-Cloth bound (with the original I read, it's twice as big lol)"
1,[NO SPOILERS] Leatherbound book set 1-5 I picked up a couple of weeks ago at Lifeline.
1,[SPOILERS] What is Specific bit in song used during the trial speech?
1,"[NO SPOILERS] Jon Snow, pencil drawing by Supershinobi"
1,[spoilers] An epic edit of John Snow... The watcher on the wall...
1,[No Spoilers] Thoughts on first promo/teaser/trailer release and Season 8 premiere
1,[SPOILERS] Weekly Rewatch | Season 6 Episode 5: The Door
1,"[spoilers] New GoT rp, open to everyone"
1,[No Spoilers] The intro of game of thrones recreated in a video game.
1,[SPOILERS] What are your hopes for the last season of GoT?
1,[spoilers] Daario Rhaegar connection?
1,[NO SPOILERS] Damascus Edition Longclaw & Ice
1,"[spoilers] why does the night's watch have so little steel, iron, or bronze armor?"
1,[NO SPOILERS] if you have a chance to grab tickets to the Game of Thrones experience jump on them. The entire show is amazing.
1,[SPOILERS] Which is your favorite Game of Thrones battle?
1,"[Spoilers] Rewatching GoT, again shocked at how dumb Ned and Robb were"
1,[NO SPOILERS] Local food truck
1,[No Spoilers] Pyrography on watercolor paper
1,[no spoilers] babes and I went to Game of Thrones Live with Ramin Djawadi conducting. Amazing performance
1,[no spoilers] Game of Thrones Live
1,[SPOILERS] Real important major Sansa question.
1,[NO SPOILERS] Inktober's Day 5 Prompt - Chicken featuring The Hound and chickens
1,[SPOILERS] Is Ramsay low key one of the best battle commander/fighters in the world?
1,[No spoilers] They should release the series finale as a pick your own adventure.
1,"[Spoilers] This isn't happening to you for a reason. Well, one reason. I enjoy it. (Ramsay fanart)"
1,[NO SPOILERS] DIY laser engraver. I think the laser leaves an appropriate burn
1,[Spoilers] Was the show more interesting when it focused on politics and the war of the 5 kings?
1,[NO SPOILERS] To balance things out one more for (she‚Äôs a got goof)
1,"[NO SPOILERS] Jon Snow, pencil drawing by Helene Kupp"
1,[Spoilers] Curb your Dothraki
1,[No spoilers] Oberyn Martell cosplay
1,[No Spoilers] White Walker by Johnnie Walker Before/After Being in the Freezer
1,[spoilers] They could have won the battle of basterds
1,"[SPOILERS] Peter Dinklage Says Final Season ""Ends Beautifully"" for His Character"
1,[NO SPOILERS] View from my seat at the GoT Experience Concert in Saint Louis tonight. You can see the Iron Throne right there in the middle. Such a cool set.
1,[NO SPOILERS] What color is Robb Stark's hair?
1,[Spoilers] Episode Titles I hope are used in season 8
1,[No Spoilers] I started my 4th attempt at watching Game of Thrones 3 weeks ago.
1,"[NO SPOILERS] Why did Robert Baratheon become king, and not someone else?"
1,[No Spoilers] I made this Stark Shield while we wait for Season 8 and TWOW. Might be able to do all the houses before the next book comes out...
1,[spoilers] in S2E8 Jaime says to Brienne that there are 3 men in Westeros who‚Äôd have a chance against him in combat.
1,[Spoilers] Joffrey and Tywin..
1,[NO SPOILERS] Does anyone know the name of the dissonant/disharmonious season 7 recap music?
1,[SPOILERS] Top 16 things I want to see in Season 8
1,[no spoilers] Made Westeros map on my Wall
1,[SPOILERS] Can we talk about Littlefinger....
1,[SPOILERS] The Waif is someone
1,[Spoilers]Arya's weaponry
1,[SPOILERS] Iain Glen/Jorah Interview: Glen wins contest for most annoying teaser
1,[Spoilers] What is Beric Dondarion's Role?
1,[SPOILERS]S8 Conspiracies
1,[SPOILERS] What are some major differences between the books and show?
1,[Spoilers] How would you improve the last three seasons?
1,[NO SPOILERS] Painted my cousin's favorite houses for his birthday
1,[Spoilers] Most of Dany's story before S6 feels like filler now
1,[Spoilers]Why did the amount of nudity decrease in GoT?
1,[NO SPOILERS] Cool GoT tattoo I got
1,[Spoilers] I believe I have figured out the S8 premiere date
1,[spoilers] symmetry in slaying wights beyond the wall
1,[No Spoilers] What is your favorite official GoT Soundtrack song?
1,[NO SPOILERS] My brother's store just got a new drink.
1,[spoilers] more than 7 king's guard?
1,[Spoilers] Which 'main' character would you say had the most tragic life.
1,[spoilers] Jaime and Brienne
1,[No Spoilers] summary for clash of kings
1,[Spoilers] Question from a book reader about Robb's wedding
1,[Spoilers] Getting my girlfriend into GoT
1,[SPOILERS] Jon Snows True Title
1,[spoilers] will Varys betray?
1,[SPOILERS] Which main character would you say has had the *best* life?
1,[No Spoilers] You have my attention.
1,[SPOILERS] My favourite Azor Ahai theory
1,"[No Spoilers] Left speechless by tonight‚Äôs Game of Thrones Live Concert Performance at Madison Square Garden - breathtaking and overwhelming, one of the coolest things I‚Äôve ever experienced"
1,"[SPOILERS] My predictions for who will die/live and their fates, and would love other people's opinions too!"
1,[NO SPOILERS] Nikolaj Coster-Waldau Invites YOU to the Final Game of Thrones Premiere // Omaze
1,[SPOILERS] Comic my friend did with a Halloween Easter egg. www.instagram.com/flipsickle
1,[Spoilers] the wolves
1,"[spoilers] why does sir jorah say that ""broadswords"" are designed to penetrate rigid armor?"
1,[NO SPOILERS] check out this GoT pinball machine I saw at Margaritaville
1,[SPOILERS] Discussing past characters: Was Olly justified in his actions?
1,[No Spoilers] Jon and Daenerys fanart by Vera Adxer
1,"[NO SPOILERS] In celebration of the final season of GOT, DIAGEO and HBO are releasing a limited-edition collection of single malt scotch whiskies inspired by the Great Houses of Westeros"
1,[SPOILERS] An interesting door hold
1,[SPOILERS] How many times can you count to seven?
1,"[NO SPOILERS] LEGO - Game of Thrones Westeros Skyline Architecture (more images, where to get instructions and other info in comments)"
1,[SPOILERS] Tyrion and Cersei's relationship in the TV series
1,[No Spoilers] I finished this House Targaryen Banner cross stitch a couple days ago. 14.4k stitches and paperback book for scale.
1,[SPOILERS] Theory on Jon in season 8
1,"[SPOILERS] Started watching GoT again, currently S5. A lot of questions!"
1,[NO SPOILERS] Which member of the cast do you guys feel likes the show the most?
1,[NO SPOILERS] I got commissioned to draw Daenerys so thought of sharing it with you guys too :D whatcha think?
1,[NO SPOILERS] I have one episode left and then I have to wait for season 8 like the rest of you fuckers
1,[No Spoilers] I have a theory about the book/TV show....
1,[No Spoilers] GRR Martin needs help finishing A Dream of Spring
1,[NO SPOILERS] Ser Jorah hints that his fate is 'emotional' in 'Game of Thrones' finale
1,"[SPOILERS] Re-watching the entire series, now knowing the future, really does offer an entirely new perspective on everyone's motivations throughout the show. One of the most surprising to me was Tywin and Tyrion Lannister's relationship as father and son."
1,[NO SPOILERS] Brienne of Tarth 1/6 Scale Figure by threezero
1,[NO SPOILERS] Was the rumour that the next season is going to be pushed be 2 months ever confirmed?
1,"[SPOILERS] ""They are my children!"" Daenerys Targaryen (OC)"
1,[SPOILERS] How many Ice and Fire analogies can you make?
1,"[Spoilers] ""Cleganebowl"""
1,[SPOILERS] Stark/Targaryen jack-o-lantern with dragon projection in a craft pumpkin!
1,[SPOILERS] Tribute video I made on Jaime Lannister. Hope you enjoy!
1,[SPOILERS] Sandor Clegane
1,[SPOILERS] Did you know there is a Song of Ice and Fire miniatures game?!
1,[SPOILERS] King Joffrey
1,[SPOILERS] I have some questions about Cersei.
1,[SPOILERS] Shire Post Mint is back with a new set of Pre-Conquest coins from Westeros! Find out more on our GRRM-Approved Kickstarter!
1,[NO SPOILERS] House Stark Sigil Sketch
1,[SPOILERS] For the characters who you think got off too easy...
1,[NO SPOILERS] Kit Harington is going to be giving a talk in London on October 13th to chat about all things Game of Thrones
1,[No Spoilers] The World of Westeros Series from Cinema Strikes Back
1,"[NO SPOILERS] Since these seem popular, here is my Targaryen pumpkin from 2 years ago (first attempt - ~5 hours work, or so)"
1,"[Spoilers] My Goodreads review for ""A Game of Thrones"""
1,[NO SPOILERS] Just got this in at work thought you folks might like it.
1,[NO SPOILERS] Check Out This Drogon Model I Made for Someone
1,[NO SPOILERS] Arya‚Äôs sword üó°
1,[NO SPOILERS] Why are Jon and Daenerys such controversial characters?
1,"[No Spoilers] if you had to recast all the characters, who would your choices be"
1,[No Spoilers] Khalessi and The White Walker King image
1,"[SPOILERS] Not a fake or a joke: this image is from an HBO press release announcing the new ""White Walker: Limited Edition Blended Scotch Whiskey"" by Johnnie Walker! :o"
1,[Spoilers] A missing Game of Thrones character is back for more screen time in season 8
1,[SPOILERS] Raymond Terutama's Portrait of House Greyjoy
1,[NO SPOILERS] Never watched the show. Currently reading the book series. What should I do?
1,"[No Spoilers] A set of coasters I painted about a month ago. House Stark, House Mormont, House Targaryen, and House Lannister. The backs have the Game of Thrones logo. Super happy with how they turned out"
1,[SPOILERS] My first fan art drawing
1,[No Spoilers]Full List of Scotch Whiskeys Participating in GOT's Single Malt Scotch Whisky Collection
1,[SPOILERS] Who is the 'main' character of each season and the series overall?
1,"[SPOILERS] Ice, Oathkeeper, and Widow's Wail..."
1,[Spoilers] Why George R.R. Martin Doesn't Watch Game of Thrones Anymore
1,[SPOILERS]S1S4 lostlink presents Andrea‚Äôs Favorites as of Season 1 Episode 4
1,[SPOILERS] My predictions for the final season
1,[SPOILERS] There's something wrong...
1,[SPOILERS] Some interesting foreshadowing we may have missed
1,[SPOILERS] why is Ser Ilyn Payne...
1,[NO SPOILERS] What do you think about Lord Glover?
1,[NO SPOILERS] Just finished this Daenerys Portrait
1,[SPOILERS] My ranking of the best warriors in the TV-Universe. Must fight for the living. Must be alive after Season 7.
1,[SPOILERS]jaime actor reveals spoilers?
1,[SPOILERS] GRRMs clue in idea for GOT
1,[SPOILERS] Dany's Hair
1,"[SPOILERS] Season 6 finale; people who catch symbols and hidden meanings, did they read the books or are they just very observant?"
1,[SPOILERS] - Possibly Unpopular Opinion
1,[SPOILERS] I think it's a little sad that Tywin only served as Hand for two of the worst kings in history
1,[SPOILERS] Weekly Rewatch | Season 6 Episode 4: Book of the Stranger
1,"[NO SPOILERS] I am finally finishing my graphic novel ""A Song of Mice and Fur"". Take a look at the cover, I think some of you Ser Pounce fans might like it."
1,"[NO SPOILERS] Photo I Took In ""the Lord's Kiss"" Cave - For My 7th Cake Day!"
1,[NO SPOILERS] My Game of Thrones cake I got for my birthday
1,[No Spoilers] I painted this vintage table and decoupaged a GOT map on top! Think I'm in love!
1,[Spoilers] Do you think the show will reveal who Azor Ahai is?
1,[spoilers] about the red woman's necklace
1,[SPOILERS] Which character deaths should‚Äôve happened way sooner/Which characters have avoided death for too long and should be long dead by now? Why?
1,[SPOILERS] Dragon's three heads: An observation
1,[NO SPOILERS] Unseen Westeros Kickstarter
1,[NO SPOILERS] I got commissioned to knit the Night King! The result is angry yet snuggly.
1,[NO SPOILERS] How can I get back into GoT after an absence of a few years?
1,"[SPOILERS] Supporters of Cersei and the Lannisters, what is your reasoning?"
1,"[SPOILERS] S7E1 I am unsure if this was a foreshadowing, but both happened in the same Episode"
1,[SPOILERS] Major Arcana Archetypes Meets Game of Thrones Characters
1,[SPOILERS] why GOT gotta do me dirty like that (season 5 finale)
1,[NO SPOILERS] I barely know anything about Game of Thrones but I need to know the gist of the first season (?) for a school project
1,[NO SPOILERS] Sandor Clegane drawing by Guilherme Silveira
1,[SPOILERS] Can we expect that arya stark will be hunted by the faceless mem in season 8?
1,[SPOILERS] Is anyone else really disappointed we never got a scene between......
1,[SPOILERS] I went to Croatia on my honeymoon and toured the filming locations for Kings Landing and Qarth
1,[Spoilers] Rewatching the S1 trailer. Was this stained glass ever in the series? Was it taken from the unaired pilot?
1,[NO SPOILERS] Just Got Back From GoT in Concert
1,[no spoilers] Starks Throne I made of Horse Shoe Nails. Enjoy!
1,[no spoilers] Finally found it! Drinking this on premiere night!
1,[Spoilers] When Olly made his big decision
1,[NO SPOILERS] When would be the ideal time to go back and start rewatching the whole series in preparation for the last season?
1,[NO SPOILERS] Who is the lioness?
1,[SPOILERS] I need help finding a certain episode so I can catch up
1,[SPOILERS] Question about Robert Baratheon
1,[SPOILERS] Magic in Game of Thrones Season 8 ?
1,[NO SPOILERS] Cool GoT poster
1,[No Spoilers] Audiobook Discovery!
1,[NO SPOILERS] Send a raven to King's Landing. Winter is coming. Fineliner pen on paper.
1,[SPOILERS] Jaime and the army
1,[no spoilers] My poor attempt on painting margeary tyrell.
1,[NO SPOILERS] I drew a picture of the House Stark wolf for the Mrs. Hope you like it too!
1,[NO SPOILERS] Lego GoT figures
1,[NO SPOILERS] About the ending of Game of Thrones
1,[Spoilers] So what's up with Shae?
1,[SPOILERS] Handful of questions.
1,[Spoilers] I No Longer Like Daenerys....
1,[NO SPOILERS] Longclaw
1,[NO SPOILERS] GOT Live Experience Concert Setlist
1,"[NO SPOILERS] Spent 4 hours on this, my first ever mandala art with a little GoT touch. Hope you guys like it."
1,[NO SPOILERS] This cool af model of the night king at my uni
1,"[Spoilers] The younger, more beautiful character to cast Cersei down and take all she holds dear. (Who do you think is the character in the prophecy?)"
1,[NO SPOILERS] Will a Game Of Thrones go to season 9?
1,[NO SPOILERS] Thee Throne for the GOT music concert tonight!
1,[Spoilers] Could the throne itself actually save the day?
1,[no spoilers] The cast's concerns about the Ending..
1,[SPOILERS] How I want Jon to find out
1,[NO SPOILERS] How loud is the Game of Thrones concert?
1,[SPOILERS] WHY IS NOBODY TALKING ABOUT THIS???
1,[SPOILERS] Arya missed out big time in Season 2 Episode 5.
1,[NO SPOILERS] Someone at work took time out and decorated the cupboards.
1,[SPOILERS] why did cersei wait so long to kill
1,"[NO SPOILERS] Fan Art Did this sketch of Stark Direwolf many days ago with charcoal and pen, now it's got all messy, but I hope u guys still like it."
1,[SPOILERS] Favorite debunked fan theories
1,[NO SPOILERS] Game of thrones trance intro - Armin Van Buuren
1,[Spoilers] Sketch of Snow (original content)
1,[SPOILERS] Jon & The Hound
1,[SPOILERS] Asher Forrester
1,[Spoilers] Can We Talk About Biter In The Books
1,[SPOILERS] GOT images with lines from other films/TV.
1,[SPOILERS] The Weakest Part of Game of Thrones
1,[Spoilers] Stannis and Renly
1,[SPOILERS] A Very Specific Theory
